{"IcoMoonType":"selection","icons":[{"icon":{"paths":["M790.857 529.714l-758.857 421.714c-17.714 9.714-32 1.143-32-18.857v-841.143c0-20 14.286-28.571 32-18.857l758.857 421.714c17.714 9.714 17.714 25.714 0 35.429z"],"width":808.5942857142857,"attrs":[],"isMulticolor":false,"isMulticolor2":false,"tags":["play"],"defaultCode":61515,"grid":14},"attrs":[],"properties":{"name":"play","id":75,"order":2,"prevSize":28,"code":61515},"setIdx":1,"setId":2,"iconIdx":73},{"icon":{"paths":["M877.714 109.714v804.571c0 20-16.571 36.571-36.571 36.571h-292.571c-20 0-36.571-16.571-36.571-36.571v-804.571c0-20 16.571-36.571 36.571-36.571h292.571c20 0 36.571 16.571 36.571 36.571zM365.714 109.714v804.571c0 20-16.571 36.571-36.571 36.571h-292.571c-20 0-36.571-16.571-36.571-36.571v-804.571c0-20 16.571-36.571 36.571-36.571h292.571c20 0 36.571 16.571 36.571 36.571z"],"width":877.7142857142857,"attrs":[],"isMulticolor":false,"isMulticolor2":false,"tags":["pause"],"defaultCode":61516,"grid":14},"attrs":[],"properties":{"name":"pause","id":76,"order":3,"prevSize":28,"code":61516},"setIdx":1,"setId":2,"iconIdx":74}],"height":1024,"metadata":{"name":"icomoon"},"preferences":{"showGlyphs":true,"showQuickUse":true,"showQuickUse2":true,"showSVGs":true,"fontPref":{"prefix":"icon-","metadata":{"fontFamily":"icomoon"},"metrics":{"emSize":1024,"baseline":6.25,"whitespace":50},"embed":false},"imagePref":{"prefix":"icon-","png":true,"useClassSelector":true,"color":0,"bgColor":16777215,"classSelector":".icon","name":"icomoon"},"historySize":50,"showCodes":true,"gridSize":16}}